<?xml version="1.0" encoding="UTF-8"?>
<definition name="(M)(Vas) Type 1 Outboard" category="3" type="5" mass="35" value="160" flags="1" tags="engine" phys_collision_dampen="0" audio_filename_start="" audio_filename_loop="audio/modsounds/m_type1outboard.ogg" audio_filename_end="" audio_filename_start_b="audio/fx2/stormworks_enginestart_medium_start.ogg" audio_filename_loop_b="audio/fx2/stormworks_enginestart_medium_mid.ogg" audio_filename_end_b="audio/fx2/stormworks_enginestart_medium_end.ogg" audio_gain="1" mesh_data_name="meshes/etpem/m_type1outboard.mesh" mesh_0_name="" mesh_1_name="" mesh_editor_only_name="" block_type="0" child_name="" extender_name="" constraint_type="0" constraint_axis="0" constraint_range_of_motion="0" max_motor_force="0" max_motor_speed="5" cable_radius="0.02" cable_length="16" seat_pose="0" seat_health_per_sec="1" buoy_radius="1" buoy_factor="0.5" buoy_force="1" force_emitter_max_force="10000" force_emitter_max_vector="0" force_emitter_default_pitch="0" force_emitter_blade_height="0" force_emitter_rotation_speed="1" force_emitter_blade_physics_length="4" engine_max_force="25000" trans_conn_type="0" wheel_radius="0" button_type="0" light_intensity="0" light_range="0" light_ies_map="" light_fov="0" light_type="0" door_lower_limit="0" door_upper_limit="0" door_flipped="false" custom_door_type="0" door_side_dist="1" door_up_dist="1" dynamic_min_rotation="0" dynamic_max_rotation="0" logic_gate_type="0" indicator_type="0" connector_type="0" magnet_force="0" gyro_type="0" rudder_surface_area="0" pump_pressure="0" water_component_type="0" particle_speed="0.05" inventory_type="0" inventory_default_outfit="0" electric_type="0" electric_charge_capacity="0" electric_magnitude="1.2">
	<surfaces>
		<surface orientation="2" rotation="0" shape="3" trans_type="2"> <!-- Air -->
			<position x="0" y="1" z="-1"/>
		</surface>
		<surface orientation="1" rotation="0" shape="3" trans_type="2"> <!-- Exhaust -->
			<position x="0" y="0" z="-1"/>
		</surface>
		<surface orientation="4" rotation="0" shape="3" trans_type="2"> <!-- Fuel -->
			<position x="0" y="0" z="1"/>
		</surface>
		<surface orientation="3" rotation="0" shape="3" trans_type="1"> <!-- Power -->
			<position x="0" y="0" z="0"/>
		</surface>
		<surface orientation="1" rotation="0" shape="3" trans_type="2">
			<position x="0" y="2" z="0"/>
		</surface>
		<surface orientation="3" rotation="0" shape="0" trans_type="0">
			<position x="0" y="0" z="1"/>
		</surface>
		<surface orientation="3" rotation="0" shape="0" trans_type="0">
			<position x="0" y="0" z="2"/>
		</surface>
	</surfaces>
	<buoyancy_surfaces>
	<surface orientation="2" rotation="0" shape="1" trans_type="2"> <!-- Air -->
			<position x="0" y="1" z="-1"/>
		</surface>
		<surface orientation="1" rotation="0" shape="1" trans_type="2"> <!-- Exhaust -->
			<position x="0" y="0" z="-1"/>
		</surface>
		<surface orientation="5" rotation="0" shape="1" trans_type="2">
			<position x="0" y="0" z="0"/>
		</surface>
		<surface orientation="4" rotation="0" shape="1" trans_type="2"> <!-- Fuel -->
			<position x="0" y="0" z="1"/>
		</surface>
		<surface orientation="3" rotation="0" shape="1" trans_type="1"> <!-- Power -->
			<position x="0" y="0" z="0"/>
		</surface>
		<surface orientation="1" rotation="0" shape="1" trans_type="2">
			<position x="0" y="2" z="0"/>
		</surface>
		<surface orientation="3" rotation="0" shape="1" trans_type="0">
			<position x="0" y="0" z="0"/>
		</surface>
		<surface orientation="3" rotation="0" shape="1" trans_type="0">
			<position x="0" y="0" z="1"/>
		</surface>
		<surface orientation="3" rotation="0" shape="1" trans_type="0">
			<position x="0" y="0" z="2"/>
		</surface>
	</buoyancy_surfaces>
	<logic_nodes>
		<logic_node label="Throttle" mode="1" type="1" description="Standard value between -1 and 1 that controls the forward/backward throttle of the engine." flags="0">
			<position x="0" y="1" z="0"/>
		</logic_node>
		<logic_node label="On/Off" mode="1" type="0" description="Controls whether or not the engine is producing any power." flags="0">
			<position x="0" y="0" z="0"/>
		</logic_node>
		<logic_node label="Power" mode="0" type="2" description="The power supplied by the engine for inputting to other components." flags="0">
			<position x="0" y="0" z="0"/>
		</logic_node>
		<logic_node label="Fuel" mode="1" type="3" description="The fuel supply for the engine." flags="2">
			<position x="0" y="0" z="1"/>
		</logic_node>
		<logic_node label="Air" mode="1" type="3" description="The air supply for the engine." flags="2">
			<position x="0" y="1" z="-1"/>
		</logic_node>
		<logic_node label="In Coolant" mode="1" type="3" description="The return flow (cold) for the coolant system." flags="2">
			<position x="0" y="2" z="-2"/>
		</logic_node>
		<logic_node label="Out Coolant" mode="0" type="3" description="The output flow (hot) for the coolant system." flags="2">
			<position x="0" y="1" z="-2"/>
		</logic_node>
		<logic_node label="Exhaust" mode="0" type="3" description="Out flow for combusted fumes from the engine." flags="2">
			<position x="0" y="0" z="-1"/>
		</logic_node>
		<logic_node label="RPS" mode="0" type="1" description="Output value giving data info on engine speed." flags="2">
			<position x="0" y="1" z="-1"/>
		</logic_node>
		<logic_node label="Temperature" mode="0" type="1" description="Output value giving data info on engine temperature." flags="2">
			<position x="0" y="0" z="-1"/>
		</logic_node>
		<logic_node label="Electric" mode="1" type="4" description="Electrical power connection." flags="0">
			<position x="0" y="0" z="0"/>
		</logic_node>
	</logic_nodes>
	<voxels>
		<voxel flags="1" physics_shape="0" buoy_pipes="0">
			<position x="0" y="0" z="0"/>
			<physics_shape_rotation 00="1" 01="0" 02="0" 10="0" 11="1" 12="0" 20="0" 21="0" 22="1"/>
		</voxel>
		<voxel flags="1" physics_shape="0" buoy_pipes="0">
			<position x="0" y="0" z="1"/>
			<physics_shape_rotation 00="1" 01="0" 02="0" 10="0" 11="1" 12="0" 20="0" 21="0" 22="1"/>
		</voxel>
		<voxel flags="1" physics_shape="0" buoy_pipes="0">
			<position x="0" y="0" z="-1"/>
			<physics_shape_rotation 00="1" 01="0" 02="0" 10="0" 11="1" 12="0" 20="0" 21="0" 22="1"/>
		</voxel>
		<voxel flags="1" physics_shape="0" buoy_pipes="0">
			<position x="0" y="1" z="0"/>
			<physics_shape_rotation 00="1" 01="0" 02="0" 10="0" 11="1" 12="0" 20="0" 21="0" 22="1"/>
		</voxel>
		<voxel flags="1" physics_shape="0" buoy_pipes="0">
			<position x="0" y="1" z="1"/>
			<physics_shape_rotation 00="1" 01="0" 02="0" 10="0" 11="1" 12="0" 20="0" 21="0" 22="1"/>
		</voxel>
		<voxel flags="1" physics_shape="0" buoy_pipes="0">
			<position x="0" y="1" z="-1"/>
			<physics_shape_rotation 00="1" 01="0" 02="0" 10="0" 11="1" 12="0" 20="0" 21="0" 22="1"/>
		</voxel>
		<voxel flags="1" physics_shape="0" buoy_pipes="0">
			<position x="0" y="2" z="0"/>
			<physics_shape_rotation 00="1" 01="0" 02="0" 10="0" 11="1" 12="0" 20="0" 21="0" 22="1"/>
		</voxel>
	</voxels>
	<voxel_min x="0" y="0" z="-2"/>
	<voxel_max x="1" y="2" z="2"/>
	<voxel_physics_min x="0" y="0" z="-2"/>
	<voxel_physics_max x="1" y="2" z="2"/>
	<bb_physics_min x="0" y="0" z="0"/>
	<bb_physics_max x="0" y="0" z="0"/>
	<constraint_pos_parent x="0" y="0" z="0"/>
	<constraint_pos_child x="0" y="0" z="0"/>
	<voxel_location_child x="0" y="0" z="0"/>
	<seat_offset x="0" y="0" z="0"/>
	<seat_front x="0" y="0" z="1"/>
	<seat_up x="0" y="1" z="0"/>
	<seat_camera x="0" y="0" z="0"/>
	<seat_render x="0" y="0" z="0"/>
	<force_dir x="0" y="0" z="0"/>
	<light_position x="0" y="0" z="0"/>
	<light_color x="1" y="1" z="1"/>
	<door_size x="1" y="1" z="1"/>
	<door_normal x="0" y="0" z="1"/>
	<door_side x="1" y="0" z="0"/>
	<door_up x="0" y="1" z="0"/>
	<door_base_pos x="0" y="0" z="0"/>
	<dynamic_body_position x="0" y="0" z="0"/>
	<dynamic_rotation_axes x="0" y="1" z="0"/>
	<dynamic_side_axis x="1" y="0" z="0"/>
	<magnet_offset x="0" y="0" z="0"/>
	<tooltip_properties description="An outboard engine." short_description="Quite potent for its size. Recommend 15 RPS maximum."/>
	<reward_properties number_rewarded="1"/>
	<particle_direction x="0" y="1" z="0"/>
	<particle_offset x="0" y="0" z="0"/>
	<particle_bounds x="0.2" y="0.2" z="0.2"/>
</definition>

