<?xml version="1.0" encoding="UTF-8"?>
<definition name="(M)(Vas) Piston Cover Type 1" category="0" type="6" mass="1" value="5" flags="16392" tags="transmission" phys_collision_dampen="0" audio_filename_start="" audio_filename_loop="" audio_filename_end="" audio_filename_start_b="" audio_filename_loop_b="" audio_filename_end_b="" audio_gain="0" mesh_data_name="meshes/etpem/m_pistoncover.mesh" mesh_0_name="" mesh_1_name="" mesh_editor_only_name="" block_type="0" child_name="" extender_name="" constraint_type="0" constraint_axis="0" constraint_range_of_motion="0" max_motor_force="0" max_motor_speed="5" cable_radius="0.02" cable_length="16" seat_pose="0" seat_health_per_sec="0" buoy_radius="1" buoy_factor="0.5" buoy_force="1" force_emitter_max_force="950" force_emitter_max_vector="0" force_emitter_default_pitch="0" force_emitter_blade_height="0" force_emitter_rotation_speed="1" force_emitter_blade_physics_length="4" engine_max_force="200" trans_conn_type="0" wheel_radius="0" button_type="0" light_intensity="0" light_range="0" light_ies_map="" light_fov="0" light_type="0" door_lower_limit="0" door_upper_limit="0" door_flipped="false" custom_door_type="0" door_side_dist="1" door_up_dist="1" dynamic_min_rotation="0" dynamic_max_rotation="0" logic_gate_type="0" indicator_type="0" connector_type="0" magnet_force="0" gyro_type="0" rudder_surface_area="1" pump_pressure="0" water_component_type="0" particle_speed="0.05" inventory_type="0" inventory_default_outfit="0" electric_type="0" electric_charge_capacity="0" electric_magnitude="0">
	<surfaces>
		<surface orientation="3" rotation="0" shape="3" trans_type="1">
			<position x="0" y="0" z="0"/>
		</surface>
		<surface orientation="2" rotation="0" shape="3" trans_type="1">
			<position x="0" y="0" z="0"/>
		</surface>
	</surfaces>
	<buoyancy_surfaces/>
	<logic_nodes/>
	<voxels>
		<voxel flags="1" physics_shape="0" buoy_pipes="9">
			<position x="0" y="0" z="0"/>
			<physics_shape_rotation 00="1" 01="0" 02="0" 10="0" 11="1" 12="0" 20="0" 21="0" 22="1"/>
		</voxel>
	</voxels>
	<voxel_min x="0" y="0" z="0"/>
	<voxel_max x="0" y="0" z="0"/>
	<voxel_physics_min x="0" y="0" z="0"/>
	<voxel_physics_max x="0" y="0" z="0"/>
	<bb_physics_min x="0" y="0" z="0"/>
	<bb_physics_max x="0" y="0" z="0"/>
	<constraint_pos_parent x="0" y="0" z="0"/>
	<constraint_pos_child x="0" y="0" z="0"/>
	<voxel_location_child x="0" y="0" z="0"/>
	<seat_offset x="0" y="0" z="0"/>
	<seat_front x="0" y="0" z="1"/>
	<seat_up x="0" y="1" z="0"/>
	<seat_camera x="0" y="0" z="0"/>
	<seat_render x="0" y="0" z="0"/>
	<force_dir x="0" y="0" z="0"/>
	<light_position x="0" y="0" z="0"/>
	<light_color x="1" y="1" z="1"/>
	<door_size x="1" y="1" z="1"/>
	<door_normal x="0" y="0" z="1"/>
	<door_side x="1" y="0" z="0"/>
	<door_up x="0" y="1" z="0"/>
	<door_base_pos x="0" y="0" z="0"/>
	<dynamic_body_position x="0" y="0" z="0"/>
	<dynamic_rotation_axes x="0" y="1" z="0"/>
	<dynamic_side_axis x="1" y="0" z="0"/>
	<magnet_offset x="0" y="0" z="0"/>
	<tooltip_properties description="" short_description="A straight section of pipe for transferring to components from an engine. Cover Included."/>
	<reward_properties number_rewarded="60"/>
	<particle_direction x="0" y="1" z="0"/>
	<particle_offset x="0" y="0" z="0"/>
	<particle_bounds x="0.2" y="0.2" z="0.2"/>
</definition>

